chiave	tipo	testo_it	nota_contesto	en	fr	de	es	pt	ru	sq	ro	hi	pa	bn	sr	hr	tr	fa	ps	tl	pl	uk	zh	ar	ur
page_title	common	Informazioni per iscrizioni	Titolo pagina.	Registration information	Informations d'inscription	Anmeldeinformationen	Información de registro	Informações de registro	Регистрационная информация	Informacioni i regjistrimit	Informații de înregistrare	पंजीकरण की जानकारी	ਰਜਿਸਟ੍ਰੇਸ਼ਨ ਜਾਣਕਾਰੀ	নিবন্ধন তথ্য	Информације о регистрацији	Podaci o registraciji	Kayıt bilgileri	اطلاعات ثبت نام	د ثبت معلومات	Impormasyon sa pagpaparehistro	Informacje rejestracyjne	Реєстраційна інформація	注册信息	معلومات التسجيل	رجسٹریشن کی معلومات
language	common	Lingua	Etichetta selezione lingua.	Tongue	Langue	Zunge	Lengua	Língua	Язык	Gjuha	Limba	जीभ	ਜੀਭ	জিহ্বা	Језик	Jezik	Dil	زبان	ژبه	Dila	Język	язик	舌头	لسان	زبان
official_notice	common	Questa e' una traduzione di cortesia della comunicazione inviata dalla scuola. Il testo ufficiale e' quello in lingua italiana.	Avviso legal/istituzionale.	This is a courtesy translation of the communication sent by the school. The official text is in Italian.	Il s'agit d'une traduction gratuite de la communication envoyée par l'école. Le texte officiel est en italien.	Dies ist eine freundliche Übersetzung der von der Schule gesendeten Mitteilung. Der offizielle Text ist auf Italienisch.	Esta es una traducción de cortesía de la comunicación enviada por la escuela. El texto oficial está en italiano.	Esta é uma tradução cortesia da comunicação enviada pela escola. O texto oficial está em italiano.	Это любезный перевод сообщения, отправленного школой. Официальный текст на итальянском языке.	Ky është një përkthim me mirësjellje i komunikimit të dërguar nga shkolla. Teksti zyrtar është në italisht.	Aceasta este o traducere de curtoazie a comunicării trimise de școală. Textul oficial este în italiană.	यह विद्यालय द्वारा भेजे गए संचार का सौजन्य अनुवाद है। आधिकारिक पाठ इतालवी में है.	ਇਹ ਸਕੂਲ ਦੁਆਰਾ ਭੇਜੇ ਗਏ ਸੰਚਾਰ ਦਾ ਸ਼ਿਸ਼ਟਾਚਾਰ ਅਨੁਵਾਦ ਹੈ। ਅਧਿਕਾਰਤ ਟੈਕਸਟ ਇਤਾਲਵੀ ਵਿੱਚ ਹੈ।	এটি স্কুলের পাঠানো যোগাযোগের সৌজন্য অনুবাদ। অফিসিয়াল টেক্সট ইতালীয় ভাষায়।	Ово је љубазни превод комуникације коју је послала школа. Званични текст је на италијанском језику.	Ovo je uslužni prijevod komunikacije koju je poslala škola. Službeni tekst je na talijanskom jeziku.	Bu, okul tarafından gönderilen yazışmanın nezaketen tercümesidir. Resmi metin İtalyancadır.	این یک ترجمه محترمانه از ارتباط ارسال شده توسط مدرسه است. متن رسمی به زبان ایتالیایی است.	دا د مکتب لخوا لیږل شوي مخابراتي ژباړه ده. رسمي متن په ایټالیا کې دی.	Ito ay isang courtesy translation ng komunikasyong ipinadala ng paaralan. Ang opisyal na teksto ay nasa Italyano.	To jest grzecznościowe tłumaczenie korespondencji przesłanej przez szkołę. Oficjalny tekst jest w języku włoskim.	Це ввічливий переклад повідомлення, надісланого школою. Офіційний текст італійською мовою.	这是学校发送的通讯的礼貌翻译。官方文本为意大利语。	هذه ترجمة مجاملة للرسالة التي أرسلتها المدرسة. النص الرسمي باللغة الإيطالية.	یہ اسکول کی طرف سے بھیجے گئے مواصلات کا بشکریہ ترجمہ ہے۔ سرکاری متن اطالوی زبان میں ہے۔
personal_link_notice	common	Per accedere alla pratica personale utilizzare il link ricevuto nella mail.	Avviso privacy: nessun link personale nella pagina pubblica.	To access your personal file, use the link received in the email.	Pour accéder à votre dossier personnel, utilisez le lien reçu dans l'e-mail.	Um auf Ihre persönliche Datei zuzugreifen, verwenden Sie den in der E-Mail erhaltenen Link.	Para acceder a su archivo personal, utilice el enlace recibido en el correo electrónico.	Para acessar seu arquivo pessoal, utilize o link recebido no e-mail.	Чтобы получить доступ к своему личному файлу, используйте ссылку, полученную в электронном письме.	Për të hyrë në skedarin tuaj personal, përdorni lidhjen e marrë në email.	Pentru a vă accesa fișierul personal, utilizați linkul primit în e-mail.	अपनी व्यक्तिगत फ़ाइल तक पहुँचने के लिए, ईमेल में प्राप्त लिंक का उपयोग करें।	ਆਪਣੀ ਨਿੱਜੀ ਫਾਈਲ ਤੱਕ ਪਹੁੰਚ ਕਰਨ ਲਈ, ਈਮੇਲ ਵਿੱਚ ਪ੍ਰਾਪਤ ਲਿੰਕ ਦੀ ਵਰਤੋਂ ਕਰੋ।	আপনার ব্যক্তিগত ফাইল অ্যাক্সেস করতে, ইমেলে প্রাপ্ত লিঙ্কটি ব্যবহার করুন।	Да бисте приступили свом личном фајлу, користите везу примљену у е-поруци.	Za pristup svojoj osobnoj datoteci koristite poveznicu koju ste dobili u e-poruci.	Kişisel dosyanıza erişmek için e-postada alınan bağlantıyı kullanın.	برای دسترسی به فایل شخصی خود از لینک دریافت شده در ایمیل استفاده کنید.	خپل شخصي فایل ته د لاسرسي لپاره ، په بریښنالیک کې ترلاسه شوي لینک وکاروئ.	Upang ma-access ang iyong personal na file, gamitin ang link na natanggap sa email.	Aby uzyskać dostęp do swoich akt osobowych, skorzystaj z linku otrzymanego w wiadomości e-mail.	Щоб отримати доступ до особистого файлу, скористайтеся посиланням, отриманим в електронному листі.	要访问您的个人文件，请使用电子邮件中收到的链接。	للوصول إلى ملفك الشخصي، استخدم الرابط الذي تلقيته في البريد الإلكتروني.	اپنی ذاتی فائل تک رسائی کے لیے، ای میل میں موصول ہونے والا لنک استعمال کریں۔
email_subject_prime	prime	Regolarizzazione domanda di iscrizione al primo anno della scuola superiore per anno scolastico 2026/2027	Oggetto mail classi prime.	Regularization of the application for enrollment in the first year of high school for the 2026/2027 school year	Régularisation de la demande d'inscription en première année de lycée pour l'année scolaire 2026/2027	Regelung des Antrags auf Einschreibung in das erste Jahr des Gymnasiums für das Schuljahr 2026/2027	Regularización de la solicitud de matrícula de primer año de bachillerato para el curso escolar 2026/2027	Regularização do pedido de matrícula no primeiro ano do ensino secundário para o ano letivo 2026/2027	Оформление заявления о зачислении на первый курс средней школы на 2026/2027 учебный год	Rregullimi i aplikimit për regjistrim në vitin e parë të shkollës së mesme për vitin shkollor 2026/2027	Regularizarea cererii de înscriere în anul I de liceu pentru anul școlar 2026/2027	2026/2027 स्कूल वर्ष के लिए हाई स्कूल के प्रथम वर्ष में नामांकन के लिए आवेदन का नियमितीकरण	2026/2027 ਸਕੂਲੀ ਸਾਲ ਲਈ ਹਾਈ ਸਕੂਲ ਦੇ ਪਹਿਲੇ ਸਾਲ ਵਿੱਚ ਦਾਖਲੇ ਲਈ ਅਰਜ਼ੀ ਨੂੰ ਨਿਯਮਤ ਕਰਨਾ	2026/2027 স্কুল বছরের জন্য উচ্চ বিদ্যালয়ের প্রথম বর্ষে তালিকাভুক্তির জন্য আবেদনের নিয়মিতকরণ	Регулисање пријаве за упис у прву годину средње школе за школску 2026/2027.	Regulacija prijave za upis u prvi razred srednje škole za školsku godinu 2026./2027.	2026/2027 eğitim-öğretim yılı için lise 1. sınıfa kayıt başvurusunun düzenlenmesi	تنظیم درخواست ثبت نام در سال اول دبیرستان برای سال تحصیلی 2026/2027	د 2026/2027 ښوونځي کال لپاره د عالي ښوونځي په لومړي کال کې د نوم لیکنې لپاره د غوښتنلیک تنظیم کول	Regularisasyon ng aplikasyon para sa pagpapatala sa unang taon ng mataas na paaralan para sa taong pampaaralan 2026/2027	Uregulowanie wniosku o wpis do I klasy liceum na rok szkolny 2026/2027	Упорядкування заяви про зарахування на перший курс старшої школи на 2026/2027 навчальний рік	2026/2027学年高中一年级入学申请正规化	تقنين طلب الالتحاق بالصف الأول الثانوي للعام الدراسي 2026/2027	2026/2027 تعلیمی سال کے لیے ہائی اسکول کے پہلے سال میں اندراج کے لیے درخواست کو باقاعدہ بنانا
email_subject_terze	terze	Regolarizzazione domanda di iscrizione al terzo anno della scuola superiore per anno scolastico 2026/2027	Oggetto mail classi terze esterni.	Regularization of the application for enrollment in the third year of high school for the 2026/2027 school year	Régularisation de la demande d'inscription en troisième année de lycée pour l'année scolaire 2026/2027	Regularisierung des Antrags auf Einschreibung in das dritte Jahr des Gymnasiums für das Schuljahr 2026/2027	Regularización de la solicitud de matrícula de tercer año de secundaria para el curso escolar 2026/2027	Regularização do pedido de matrícula no terceiro ano do ensino secundário para o ano letivo 2026/2027	Оформление заявления о зачислении на третий курс средней школы на 2026/2027 учебный год	Rregullimi i aplikimit për regjistrim në vitin e tretë të shkollës së mesme për vitin shkollor 2026/2027	Regularizarea cererii de înscriere în anul III de liceu pentru anul școlar 2026/2027	2026/2027 स्कूल वर्ष के लिए हाई स्कूल के तीसरे वर्ष में नामांकन के लिए आवेदन का नियमितीकरण	2026/2027 ਸਕੂਲੀ ਸਾਲ ਲਈ ਹਾਈ ਸਕੂਲ ਦੇ ਤੀਜੇ ਸਾਲ ਵਿੱਚ ਦਾਖਲੇ ਲਈ ਅਰਜ਼ੀ ਨੂੰ ਨਿਯਮਤ ਕਰਨਾ	2026/2027 স্কুল বছরের জন্য উচ্চ বিদ্যালয়ের তৃতীয় বর্ষে তালিকাভুক্তির জন্য আবেদনের নিয়মিতকরণ	Регулисање пријаве за упис у ИИИ годину средње школе за школску 2026/2027.	Regulacija prijave za upis u treći razred srednje škole za školsku godinu 2026./2027.	2026/2027 eğitim-öğretim yılı için lise üçüncü sınıfa kayıt başvurusunun düzenlenmesi	تنظیم درخواست ثبت نام در سال سوم دبیرستان برای سال تحصیلی 2026/2027	د 2026/2027 ښوونیز کال لپاره د عالي لیسې په دریم کال کې د نوم لیکنې لپاره د غوښتنلیک تنظیم کول	Regularisasyon ng aplikasyon para sa pagpapatala sa ikatlong taon ng mataas na paaralan para sa taong pampaaralan 2026/2027	Uregulowanie wniosku o wpis do klasy III liceum na rok szkolny 2026/2027	Упорядкування заяви про зарахування на ІІІ курс старшої школи на 2026/2027 навчальний рік	2026/2027学年高三入学申请正规化	تقنين طلب الالتحاق بالصف الثالث الثانوي للعام الدراسي 2026/2027	2026/2027 تعلیمی سال کے لیے ہائی اسکول کے تیسرے سال میں اندراج کے لیے درخواست کو باقاعدہ بنانا
greeting	common	Gentile famiglia,	Saluto iniziale mail.	Dear family,	Chère famille,	Liebe Familie,	Querida familia,	Querida família,	Дорогая семья,	E dashur familje,	Draga familie,	प्रिय परिवार,	ਪਿਆਰੇ ਪਰਿਵਾਰ,	প্রিয় পরিবার,	драга породица,	Draga obitelji,	Sevgili ailem,	خانواده محترم	ګرانې کورنۍ،	Mahal na pamilya,	Droga rodzino,	Шановна родино,	亲爱的家人，	عائلتي العزيزة،	پیارے خاندان،
prime_intro	prime	per completare la regolarizzazione della domanda di iscrizione al primo anno della scuola superiore per anno scolastico 2026/2027 e' necessario verificare i dati anagrafici inseriti in fase di iscrizione e caricare la documentazione richiesta tramite GestOre.	Primo paragrafo mail prime.	to complete the regularization of the application for enrollment in the first year of high school for the 2026/2027 school year it is necessary to verify the personal data entered during registration and upload the required documentation via GestOre.	pour finaliser la régularisation de la demande d'inscription en première année de lycée pour l'année scolaire 2026/2027, il est nécessaire de vérifier les données personnelles saisies lors de l'inscription et de télécharger la documentation requise via GestOre.	Um die Regularisierung des Antrags auf Einschreibung in das erste Jahr des Gymnasiums für das Schuljahr 2026/2027 abzuschließen, ist es notwendig, die bei der Registrierung eingegebenen persönlichen Daten zu überprüfen und die erforderlichen Unterlagen über GestOre hochzuladen.	Para completar la regularización de la solicitud de matrícula de primer año de bachillerato para el curso escolar 2026/2027 es necesario verificar los datos personales ingresados ​​durante la matrícula y cargar la documentación requerida a través de GestOre.	para concluir a regularização do pedido de matrícula no primeiro ano do ensino secundário para o ano letivo 2026/2027 é necessário verificar os dados pessoais inseridos durante a inscrição e fazer o upload da documentação exigida via GestOre.	Для завершения оформления заявления о зачислении на первый курс средней школы на 2026/2027 учебный год необходимо проверить введенные при регистрации персональные данные и загрузить необходимую документацию через GestOre.	për të përfunduar rregullimin e aplikimit për regjistrim në vitin e parë të shkollës së mesme për vitin shkollor 2026/2027 është i nevojshëm verifikimi i të dhënave personale të futura gjatë regjistrimit dhe ngarkimi i dokumentacionit të kërkuar nëpërmjet GestOre.	pentru finalizarea regularizării cererii de înscriere în anul I de liceu pentru anul școlar 2026/2027 este necesară verificarea datelor personale introduse la înscriere și încărcarea documentației solicitate prin GestOre.	2026/2027 स्कूल वर्ष के लिए हाई स्कूल के पहले वर्ष में नामांकन के लिए आवेदन के नियमितीकरण को पूरा करने के लिए पंजीकरण के दौरान दर्ज किए गए व्यक्तिगत डेटा को सत्यापित करना और गेस्टओरे के माध्यम से आवश्यक दस्तावेज अपलोड करना आवश्यक है।	2026/2027 ਸਕੂਲੀ ਸਾਲ ਲਈ ਹਾਈ ਸਕੂਲ ਦੇ ਪਹਿਲੇ ਸਾਲ ਵਿੱਚ ਦਾਖਲੇ ਲਈ ਅਰਜ਼ੀ ਦੇ ਨਿਯਮਤਕਰਨ ਨੂੰ ਪੂਰਾ ਕਰਨ ਲਈ ਰਜਿਸਟਰੇਸ਼ਨ ਦੌਰਾਨ ਦਾਖਲ ਕੀਤੇ ਗਏ ਨਿੱਜੀ ਡੇਟਾ ਦੀ ਪੁਸ਼ਟੀ ਕਰਨਾ ਅਤੇ ਲੋੜੀਂਦੇ ਦਸਤਾਵੇਜ਼ਾਂ ਨੂੰ GestOre ਰਾਹੀਂ ਅੱਪਲੋਡ ਕਰਨਾ ਜ਼ਰੂਰੀ ਹੈ।	2026/2027 স্কুল বছরের জন্য হাই স্কুলের প্রথম বর্ষে নথিভুক্তির জন্য আবেদনের নিয়মিতকরণ সম্পূর্ণ করতে রেজিস্ট্রেশনের সময় প্রবেশ করা ব্যক্তিগত ডেটা যাচাই করা এবং GestOre-এর মাধ্যমে প্রয়োজনীয় ডকুমেন্টেশন আপলোড করা প্রয়োজন।	да би се завршила регуларизација пријаве за упис у прву годину средње школе за школску 2026/2027. годину потребно је проверити личне податке унете приликом регистрације и поставити потребну документацију путем ГестОре-а.	Za dovršetak regularizacije prijave za upis u prvi razred srednje škole za školsku godinu 2026./2027. potrebno je provjeriti osobne podatke unesene prilikom upisa i učitati traženu dokumentaciju putem GestOre-a.	2026/2027 öğretim yılı için lisenin ilk yılında kayıt başvurusunun normalleştirilmesinin tamamlanması için, kayıt sırasında girilen kişisel verilerin doğrulanması ve gerekli belgelerin GestOre aracılığıyla yüklenmesi gerekmektedir.	برای تکمیل منظم درخواست ثبت نام در سال اول دبیرستان برای سال تحصیلی 2026/2027، لازم است اطلاعات شخصی وارد شده در هنگام ثبت نام را تأیید کنید و مدارک مورد نیاز را از طریق GestOre بارگذاری کنید.	د 2026/2027 ښوونیز کال لپاره د عالي لیسې په لومړي کال کې د نوم لیکنې لپاره د غوښتنلیک منظم کولو بشپړولو لپاره دا اړینه ده چې د نوم لیکنې پرمهال داخل شوي شخصي معلومات تصدیق کړئ او د GestOre له لارې اړین اسناد اپلوډ کړئ.	upang makumpleto ang regularisasyon ng aplikasyon para sa pagpapatala sa unang taon ng mataas na paaralan para sa taong panuruan 2026/2027 kinakailangan na i-verify ang personal na data na ipinasok sa panahon ng pagpaparehistro at i-upload ang kinakailangang dokumentasyon sa pamamagitan ng GestOre.	w celu zakończenia legalizacji wniosku o przyjęcie do I klasy liceum na rok szkolny 2026/2027 konieczna jest weryfikacja danych osobowych podanych podczas rejestracji oraz przesłanie wymaganej dokumentacji poprzez GestOre.	для завершення упорядкування заяви про зарахування до першого курсу середньої школи на 2026/2027 навчальний рік необхідно перевірити особисті дані, введені під час реєстрації, і завантажити необхідну документацію через GestOre.	为了完成 2026/2027 学年高中一年级入学申请的规范化，需要验证注册时输入的个人数据并通过 GestOre 上传所需文件。	لاستكمال تنظيم طلب الالتحاق بالصف الأول الثانوي للعام الدراسي 2026/2027 لا بد من التحقق من البيانات الشخصية المدخلة أثناء التسجيل وتحميل الوثائق المطلوبة عبر GestOre.	2026/2027 تعلیمی سال کے لیے ہائی اسکول کے پہلے سال میں اندراج کے لیے درخواست کی ریگولرائزیشن کو مکمل کرنے کے لیے رجسٹریشن کے دوران درج کیے گئے ذاتی ڈیٹا کی تصدیق کرنا اور GestOre کے ذریعے مطلوبہ دستاویزات کو اپ لوڈ کرنا ضروری ہے۔
terze_intro	terze	per completare la regolarizzazione della domanda di iscrizione al terzo anno della scuola superiore per anno scolastico 2026/2027 e' necessario verificare i dati anagrafici inseriti in fase di iscrizione e caricare la documentazione richiesta tramite GestOre.	Primo paragrafo mail terze.	to complete the regularization of the application for enrollment in the third year of high school for the 2026/2027 school year it is necessary to verify the personal data entered during registration and upload the required documentation via GestOre.	pour finaliser la régularisation de la demande d'inscription en troisième année du lycée pour l'année scolaire 2026/2027, il est nécessaire de vérifier les données personnelles saisies lors de l'inscription et de télécharger la documentation requise via GestOre.	Um die Regularisierung des Antrags auf Einschreibung in das dritte Jahr des Gymnasiums für das Schuljahr 2026/2027 abzuschließen, ist es notwendig, die bei der Registrierung eingegebenen persönlichen Daten zu überprüfen und die erforderlichen Unterlagen über GestOre hochzuladen.	Para completar la regularización de la solicitud de matrícula de tercer año de bachillerato para el curso escolar 2026/2027 es necesario verificar los datos personales ingresados ​​durante la matrícula y cargar la documentación requerida a través de GestOre.	para concluir a regularização do pedido de matrícula no terceiro ano do ensino secundário para o ano letivo 2026/2027 é necessário verificar os dados pessoais inseridos durante a inscrição e fazer o upload da documentação exigida via GestOre.	Для завершения оформления заявления о зачислении на третий курс средней школы на 2026/2027 учебный год необходимо проверить введенные при регистрации персональные данные и загрузить необходимую документацию через GestOre.	për të përfunduar rregullimin e aplikimit për regjistrim në vitin e tretë të shkollës së mesme për vitin shkollor 2026/2027 është i nevojshëm verifikimi i të dhënave personale të futura gjatë regjistrimit dhe ngarkimi i dokumentacionit të kërkuar nëpërmjet GestOre.	pentru finalizarea regularizării cererii de înscriere în anul III de liceu pentru anul școlar 2026/2027 este necesară verificarea datelor personale introduse la înscriere și încărcarea documentației solicitate prin GestOre.	2026/2027 स्कूल वर्ष के लिए हाई स्कूल के तीसरे वर्ष में नामांकन के लिए आवेदन के नियमितीकरण को पूरा करने के लिए पंजीकरण के दौरान दर्ज किए गए व्यक्तिगत डेटा को सत्यापित करना और गेस्टओरे के माध्यम से आवश्यक दस्तावेज अपलोड करना आवश्यक है।	2026/2027 ਸਕੂਲੀ ਸਾਲ ਲਈ ਹਾਈ ਸਕੂਲ ਦੇ ਤੀਜੇ ਸਾਲ ਵਿੱਚ ਦਾਖਲੇ ਲਈ ਅਰਜ਼ੀ ਦੇ ਨਿਯਮਤਕਰਨ ਨੂੰ ਪੂਰਾ ਕਰਨ ਲਈ, ਰਜਿਸਟਰੇਸ਼ਨ ਦੌਰਾਨ ਦਾਖਲ ਕੀਤੇ ਗਏ ਨਿੱਜੀ ਡੇਟਾ ਦੀ ਪੁਸ਼ਟੀ ਕਰਨਾ ਅਤੇ ਲੋੜੀਂਦੇ ਦਸਤਾਵੇਜ਼ਾਂ ਨੂੰ GestOre ਰਾਹੀਂ ਅੱਪਲੋਡ ਕਰਨਾ ਜ਼ਰੂਰੀ ਹੈ।	2026/2027 স্কুল বছরের জন্য হাই স্কুলের তৃতীয় বর্ষে নথিভুক্তির জন্য আবেদনের নিয়মিতকরণ সম্পূর্ণ করতে নিবন্ধকরণের সময় প্রবেশ করা ব্যক্তিগত ডেটা যাচাই করতে হবে এবং প্রয়োজনীয় ডকুমেন্টেশনগুলি GestOre-এর মাধ্যমে আপলোড করতে হবে।	за завршетак регуларизације пријаве за упис у ИИИ годину средње школе за школску 2026/2027. годину потребно је проверити личне податке унете приликом регистрације и поставити потребну документацију путем ГестОре-а.	Za dovršetak regularizacije prijave za upis u treći razred srednje škole za školsku godinu 2026./2027. potrebno je provjeriti osobne podatke unesene prilikom upisa i učitati traženu dokumentaciju putem GestOre-a.	2026/2027 öğretim yılı için lise üçüncü sınıfa kayıt başvurusunun normalleştirilmesinin tamamlanması için, kayıt sırasında girilen kişisel verilerin doğrulanması ve gerekli belgelerin GestOre aracılığıyla yüklenmesi gerekmektedir.	برای تکمیل منظم درخواست ثبت نام در سال سوم دبیرستان برای سال تحصیلی 2026/2027، لازم است اطلاعات شخصی وارد شده در هنگام ثبت نام را تأیید کنید و مدارک مورد نیاز را از طریق GestOre بارگذاری کنید.	د 2026/2027 ښوونیز کال لپاره د عالي لیسې په دریم کال کې د نوم لیکنې لپاره د غوښتنلیک منظم کولو بشپړولو لپاره اړینه ده چې د نوم لیکنې پرمهال داخل شوي شخصي معلومات تصدیق کړئ او د GestOre له لارې اړین اسناد اپلوډ کړئ.	upang makumpleto ang regularisasyon ng aplikasyon para sa pagpapatala sa ikatlong taon ng mataas na paaralan para sa taong panuruan 2026/2027 kinakailangan na i-verify ang personal na data na ipinasok sa panahon ng pagpaparehistro at i-upload ang kinakailangang dokumentasyon sa pamamagitan ng GestOre.	w celu zakończenia legalizacji wniosku o przyjęcie do klasy III liceum na rok szkolny 2026/2027 konieczna jest weryfikacja danych osobowych podanych podczas rejestracji oraz przesłanie wymaganej dokumentacji poprzez GestOre.	для завершення упорядкування заяви про зарахування на третій курс середньої школи на 2026/2027 навчальний рік необхідно перевірити персональні дані, введені під час реєстрації, і завантажити необхідну документацію через GestOre.	为了完成 2026/2027 学年高中三年级入学申请的规范化，需要验证注册时输入的个人数据并通过 GestOre 上传所需文件。	لاستكمال تنظيم طلب الالتحاق بالصف الثالث الثانوي للعام الدراسي 2026/2027 لا بد من التحقق من البيانات الشخصية المدخلة أثناء التسجيل وتحميل الوثائق المطلوبة عبر GestOre.	2026/2027 تعلیمی سال کے لیے ہائی اسکول کے تیسرے سال میں اندراج کے لیے درخواست کی ریگولرائزیشن کو مکمل کرنے کے لیے رجسٹریشن کے دوران درج کیے گئے ذاتی ڈیٹا کی تصدیق کرنا اور GestOre کے ذریعے مطلوبہ دستاویزات کو اپ لوڈ کرنا ضروری ہے۔
personal_link_placeholder	common	Il link personale per accedere alla pratica e' riportato nella mail ricevuta dalla famiglia.	La pagina pubblica non contiene il link personale.	The personal link to access the file is reported in the email received from the family.	Le lien personnel pour accéder au dossier est signalé dans le mail reçu de la famille.	Der persönliche Link zum Zugriff auf die Datei ist in der von der Familie erhaltenen E-Mail angegeben.	El enlace personal para acceder al expediente se informa en el correo electrónico recibido de la familia.	O link pessoal para acesso ao arquivo está informado no e-mail recebido da família.	Персональная ссылка для доступа к файлу указана в электронном письме, полученном от семьи.	Lidhja personale për të hyrë në skedar raportohet në emailin e marrë nga familja.	Linkul personal pentru accesarea fișierului este raportat în e-mailul primit de la familie.	फ़ाइल तक पहुँचने का व्यक्तिगत लिंक परिवार से प्राप्त ईमेल में बताया गया है।	ਫਾਈਲ ਤੱਕ ਪਹੁੰਚ ਕਰਨ ਲਈ ਨਿੱਜੀ ਲਿੰਕ ਪਰਿਵਾਰ ਤੋਂ ਪ੍ਰਾਪਤ ਈਮੇਲ ਵਿੱਚ ਦੱਸਿਆ ਗਿਆ ਹੈ।	ফাইলটি অ্যাক্সেস করার ব্যক্তিগত লিঙ্কটি পরিবার থেকে প্রাপ্ত ইমেলে রিপোর্ট করা হয়েছে।	Лична веза за приступ датотеци је пријављена у имејлу примљеном од породице.	Osobna veza za pristup datoteci navedena je u e-poruci primljenoj od obitelji.	Dosyaya erişim için kişisel bağlantı, aileden alınan e-postada bildiriliyor.	پیوند شخصی برای دسترسی به فایل در ایمیل دریافت شده از خانواده گزارش شده است.	فایل ته د لاسرسي شخصي لینک د کورنۍ څخه ترلاسه شوي بریښنالیک کې راپور شوی.	Ang personal na link para ma-access ang file ay iniuulat sa email na natanggap mula sa pamilya.	Osobisty link umożliwiający dostęp do pliku znajduje się w wiadomości e-mail otrzymanej od rodziny.	Особисте посилання для доступу до файлу повідомляється в електронному листі, отриманому від родини.	从家人收到的电子邮件中报告了访问该文件的个人链接。	تم ذكر الرابط الشخصي للوصول إلى الملف في البريد الإلكتروني المستلم من العائلة.	فائل تک رسائی کا ذاتی لنک خاندان سے موصول ہونے والی ای میل میں بتایا گیا ہے۔
reserved_link_prime	prime	Il link e' riservato alla famiglia dello studente/della studentessa e consente di:	Intro elenco prime.	The link is reserved for the student's family and allows you to:	Le lien est réservé à la famille de l'étudiant et permet de :	Der Link ist der Familie des Schülers vorbehalten und ermöglicht Ihnen:	El enlace está reservado para la familia del estudiante y le permite:	O link é reservado à família do aluno e permite:	Ссылка зарезервирована для семьи студента и позволяет:	Lidhja është e rezervuar për familjen e studentit dhe ju lejon të:	Link-ul este rezervat familiei studentului și vă permite să:	यह लिंक छात्र के परिवार के लिए आरक्षित है और आपको इसकी अनुमति देता है:	ਲਿੰਕ ਵਿਦਿਆਰਥੀ ਦੇ ਪਰਿਵਾਰ ਲਈ ਰਾਖਵਾਂ ਹੈ ਅਤੇ ਤੁਹਾਨੂੰ ਇਹ ਕਰਨ ਦੀ ਇਜਾਜ਼ਤ ਦਿੰਦਾ ਹੈ:	লিঙ্কটি ছাত্রের পরিবারের জন্য সংরক্ষিত এবং আপনাকে অনুমতি দেয়:	Веза је резервисана за породицу ученика и омогућава вам да:	Link je rezerviran za obitelj studenta i omogućuje vam da:	Bağlantı öğrencinin ailesine ayrılmıştır ve şunları yapmanıza olanak tanır:	پیوند برای خانواده دانش آموز محفوظ است و به شما امکان می دهد:	لینک د زده کونکي د کورنۍ لپاره ساتل شوی او تاسو ته اجازه درکوي:	Ang link ay nakalaan para sa pamilya ng mag-aaral at nagbibigay-daan sa iyong:	Link jest zarezerwowany dla rodziny studenta i umożliwia:	Посилання зарезервовано для сім’ї студента та дозволяє:	该链接专为学生家庭保留，允许您：	الرابط مخصص لعائلة الطالب ويتيح لك:	لنک طالب علم کے خاندان کے لیے محفوظ ہے اور آپ کو اجازت دیتا ہے:
reserved_link_terze	terze	Il link e' riservato alla famiglia dello studente/della studentessa e consente di:	Intro elenco terze.	The link is reserved for the student's family and allows you to:	Le lien est réservé à la famille de l'étudiant et permet de :	Der Link ist der Familie des Schülers vorbehalten und ermöglicht Ihnen:	El enlace está reservado para la familia del estudiante y le permite:	O link é reservado à família do aluno e permite:	Ссылка зарезервирована для семьи студента и позволяет:	Lidhja është e rezervuar për familjen e studentit dhe ju lejon të:	Link-ul este rezervat familiei studentului și vă permite să:	यह लिंक छात्र के परिवार के लिए आरक्षित है और आपको इसकी अनुमति देता है:	ਲਿੰਕ ਵਿਦਿਆਰਥੀ ਦੇ ਪਰਿਵਾਰ ਲਈ ਰਾਖਵਾਂ ਹੈ ਅਤੇ ਤੁਹਾਨੂੰ ਇਹ ਕਰਨ ਦੀ ਇਜਾਜ਼ਤ ਦਿੰਦਾ ਹੈ:	লিঙ্কটি ছাত্রের পরিবারের জন্য সংরক্ষিত এবং আপনাকে অনুমতি দেয়:	Веза је резервисана за породицу ученика и омогућава вам да:	Link je rezerviran za obitelj studenta i omogućuje vam da:	Bağlantı öğrencinin ailesine ayrılmıştır ve şunları yapmanıza olanak tanır:	پیوند برای خانواده دانش آموز محفوظ است و به شما امکان می دهد:	لینک د زده کونکي د کورنۍ لپاره ساتل شوی او تاسو ته اجازه درکوي:	Ang link ay nakalaan para sa pamilya ng mag-aaral at nagbibigay-daan sa iyong:	Link jest zarezerwowany dla rodziny studenta i umożliwia:	Посилання зарезервовано для сім’ї студента та дозволяє:	该链接专为学生家庭保留，允许您：	الرابط مخصص لعائلة الطالب ويتيح لك:	لنک طالب علم کے خاندان کے لیے محفوظ ہے اور آپ کو اجازت دیتا ہے:
prime_bullet_1	prime	confermare o aggiornare i dati anagrafici;	Bullet prime.	confirm or update your personal data;	confirmer ou mettre à jour vos données personnelles ;	Ihre persönlichen Daten bestätigen oder aktualisieren;	confirmar o actualizar sus datos personales;	confirmar ou atualizar os seus dados pessoais;	подтвердить или обновить ваши персональные данные;	konfirmoni ose përditësoni të dhënat tuaja personale;	confirmați sau actualizați datele dvs. personale;	अपने व्यक्तिगत डेटा की पुष्टि या अद्यतन करें;	ਤੁਹਾਡੇ ਨਿੱਜੀ ਡੇਟਾ ਦੀ ਪੁਸ਼ਟੀ ਜਾਂ ਅਪਡੇਟ ਕਰੋ;	আপনার ব্যক্তিগত তথ্য নিশ্চিত বা আপডেট করুন;	потврдите или ажурирате своје личне податке;	potvrdite ili ažurirajte svoje osobne podatke;	kişisel verilerinizi onaylamak veya güncellemek;	اطلاعات شخصی خود را تأیید یا به روز کنید؛	خپل شخصي معلومات تایید یا تازه کړئ؛	kumpirmahin o i-update ang iyong personal na data;	potwierdzić lub zaktualizować swoje dane osobowe;	підтвердити або оновити свої персональні дані;	确认或更新您的个人数据；	تأكيد أو تحديث بياناتك الشخصية؛	اپنے ذاتی ڈیٹا کی تصدیق یا اپ ڈیٹ؛
prime_bullet_2	prime	caricare i documenti richiesti;	Bullet prime.	upload the required documents;	télécharger les documents requis ;	Laden Sie die erforderlichen Dokumente hoch;	cargar los documentos requeridos;	carregue os documentos necessários;	загрузить необходимые документы;	ngarkoni dokumentet e kërkuara;	încărcați documentele necesare;	आवश्यक दस्तावेज़ अपलोड करें;	ਲੋੜੀਂਦੇ ਦਸਤਾਵੇਜ਼ ਅਪਲੋਡ ਕਰੋ;	প্রয়োজনীয় নথি আপলোড করুন;	отпремите потребне документе;	učitajte potrebne dokumente;	gerekli belgeleri yükleyin;	بارگذاری مدارک مورد نیاز؛	اړین اسناد پورته کړئ؛	i-upload ang mga kinakailangang dokumento;	prześlij wymagane dokumenty;	завантажити необхідні документи;	上传所需文件；	تحميل المستندات المطلوبة؛	مطلوبہ دستاویزات اپ لوڈ کریں؛
prime_bullet_3	prime	salvare una bozza e completare la pratica in un secondo momento;	Bullet prime.	save a draft and complete the practice later;	enregistrez un brouillon et terminez la pratique plus tard ;	einen Entwurf speichern und die Übung später abschließen;	guarde un borrador y complete la práctica más tarde;	salve um rascunho e conclua a prática mais tarde;	сохраните черновик и завершите практику позже;	ruani një draft dhe plotësoni praktikën më vonë;	salvați o schiță și finalizați practica mai târziu;	एक ड्राफ्ट सहेजें और बाद में अभ्यास पूरा करें;	ਇੱਕ ਡਰਾਫਟ ਸੁਰੱਖਿਅਤ ਕਰੋ ਅਤੇ ਬਾਅਦ ਵਿੱਚ ਅਭਿਆਸ ਨੂੰ ਪੂਰਾ ਕਰੋ;	একটি খসড়া সংরক্ষণ করুন এবং পরে অনুশীলনটি সম্পূর্ণ করুন;	сачувајте нацрт и довршите праксу касније;	spremite nacrt i dovršite vježbu kasnije;	bir taslağı kaydedin ve uygulamayı daha sonra tamamlayın;	یک پیش نویس را ذخیره کنید و بعداً تمرین را تکمیل کنید.	یوه مسوده خوندي کړئ او وروسته تمرین بشپړ کړئ؛	mag-save ng draft at kumpletuhin ang pagsasanay sa ibang pagkakataon;	zapisz wersję roboczą i dokończ ćwiczenie później;	збережіть чернетку та завершіть практику пізніше;	保存草稿并稍后完成练习；	احفظ مسودة وأكمل التدريب لاحقًا؛	ایک مسودہ محفوظ کریں اور بعد میں پریکٹس مکمل کریں۔
prime_bullet_4	prime	inviare definitivamente la conferma dei dati di iscrizione.	Bullet prime.	definitively send confirmation of your registration data.	envoyer définitivement la confirmation de vos données d’inscription.	senden Sie uns abschließend eine Bestätigung Ihrer Anmeldedaten zu.	enviarle definitivamente la confirmación de sus datos de registro.	enviar definitivamente a confirmação dos seus dados cadastrais.	окончательно выслать подтверждение ваших регистрационных данных.	dërgoni përfundimisht konfirmimin e të dhënave tuaja të regjistrimit.	trimite definitiv confirmarea datelor tale de înregistrare.	अपने पंजीकरण डेटा की पुष्टि निश्चित रूप से भेजें।	ਯਕੀਨੀ ਤੌਰ 'ਤੇ ਤੁਹਾਡੇ ਰਜਿਸਟ੍ਰੇਸ਼ਨ ਡੇਟਾ ਦੀ ਪੁਸ਼ਟੀ ਭੇਜੋ।	নিশ্চিতভাবে আপনার নিবন্ধন তথ্য নিশ্চিতকরণ পাঠান.	дефинитивно пошаљите потврду ваших података о регистрацији.	definitivno poslati potvrdu podataka o registraciji.	Kayıt verilerinizin onayını kesin olarak gönderin.	قطعی تاییدیه اطلاعات ثبت نام خود را ارسال کنید.	په دقیق ډول ستاسو د راجسټریشن ډیټا تایید واستوئ.	tiyak na magpadala ng kumpirmasyon ng iyong data sa pagpaparehistro.	ostatecznie wyślij potwierdzenie swoich danych rejestracyjnych.	остаточно надіслати підтвердження ваших реєстраційних даних.	最终发送您的注册数据确认信息。	إرسال تأكيد نهائي لبيانات التسجيل الخاصة بك.	یقینی طور پر اپنے رجسٹریشن ڈیٹا کی تصدیق بھیجیں۔
terze_bullet_1	terze	confermare o aggiornare i dati anagrafici;	Bullet terze.	confirm or update your personal data;	confirmer ou mettre à jour vos données personnelles ;	Ihre persönlichen Daten bestätigen oder aktualisieren;	confirmar o actualizar sus datos personales;	confirmar ou atualizar os seus dados pessoais;	подтвердить или обновить ваши персональные данные;	konfirmoni ose përditësoni të dhënat tuaja personale;	confirmați sau actualizați datele dvs. personale;	अपने व्यक्तिगत डेटा की पुष्टि या अद्यतन करें;	ਤੁਹਾਡੇ ਨਿੱਜੀ ਡੇਟਾ ਦੀ ਪੁਸ਼ਟੀ ਜਾਂ ਅਪਡੇਟ ਕਰੋ;	আপনার ব্যক্তিগত তথ্য নিশ্চিত বা আপডেট করুন;	потврдите или ажурирате своје личне податке;	potvrdite ili ažurirajte svoje osobne podatke;	kişisel verilerinizi onaylamak veya güncellemek;	اطلاعات شخصی خود را تأیید یا به روز کنید؛	خپل شخصي معلومات تایید یا تازه کړئ؛	kumpirmahin o i-update ang iyong personal na data;	potwierdzić lub zaktualizować swoje dane osobowe;	підтвердити або оновити свої персональні дані;	确认或更新您的个人数据；	تأكيد أو تحديث بياناتك الشخصية؛	اپنے ذاتی ڈیٹا کی تصدیق یا اپ ڈیٹ؛
terze_bullet_2	terze	caricare i documenti richiesti;	Bullet terze.	upload the required documents;	télécharger les documents requis ;	Laden Sie die erforderlichen Dokumente hoch;	cargar los documentos requeridos;	carregue os documentos necessários;	загрузить необходимые документы;	ngarkoni dokumentet e kërkuara;	încărcați documentele necesare;	आवश्यक दस्तावेज़ अपलोड करें;	ਲੋੜੀਂਦੇ ਦਸਤਾਵੇਜ਼ ਅਪਲੋਡ ਕਰੋ;	প্রয়োজনীয় নথি আপলোড করুন;	отпремите потребне документе;	učitajte potrebne dokumente;	gerekli belgeleri yükleyin;	بارگذاری مدارک مورد نیاز؛	اړین اسناد پورته کړئ؛	i-upload ang mga kinakailangang dokumento;	prześlij wymagane dokumenty;	завантажити необхідні документи;	上传所需文件；	تحميل المستندات المطلوبة؛	مطلوبہ دستاویزات اپ لوڈ کریں؛
terze_bullet_3	terze	dichiarare l'avvenuta richiesta di nulla osta alla scuola di provenienza;	Bullet terze.	declare that the authorization request has been received from the school of origin;	déclarer que la demande d'autorisation a été reçue de l'école d'origine ;	erklären, dass der Genehmigungsantrag von der Herkunftsschule eingegangen ist;	declarar que se ha recibido la solicitud de autorización de la escuela de origen;	declarar que o pedido de autorização foi recebido da escola de origem;	заявить, что запрос на авторизацию был получен от исходной школы;	të deklarojë se kërkesa për autorizim është marrë nga shkolla e origjinës;	să declare că cererea de autorizare a fost primită de la școala de origine;	घोषणा करें कि प्राधिकरण अनुरोध मूल विद्यालय से प्राप्त हो गया है;	ਘੋਸ਼ਣਾ ਕਰੋ ਕਿ ਅਧਿਕਾਰ ਦੀ ਬੇਨਤੀ ਮੂਲ ਸਕੂਲ ਤੋਂ ਪ੍ਰਾਪਤ ਕੀਤੀ ਗਈ ਹੈ;	ঘোষণা করুন যে অনুমোদনের অনুরোধটি মূল বিদ্যালয় থেকে গৃহীত হয়েছে;	изјавити да је захтев за ауторизацију примљен од школе порекла;	izjaviti da je zahtjev za autorizaciju primljen od matične škole;	Yetki talebinin menşe okuldan alındığını beyan etmek;	اعلام کنید که درخواست مجوز از مدرسه مبدأ دریافت شده است.	اعلان وکړئ چې د اجازې غوښتنه د اصلي ښوونځي څخه ترلاسه شوې ده؛	ipahayag na ang kahilingan sa awtorisasyon ay natanggap mula sa pinanggalingang paaralan;	oświadczyć, że otrzymano wniosek o zezwolenie ze szkoły pochodzenia;	заявляти, що запит на авторизацію отримано від школи походження;	声明已收到原籍学校的授权请求；	الإعلان عن استلام طلب الترخيص من المدرسة الأصلية؛	اعلان کریں کہ اجازت کی درخواست اصل اسکول سے موصول ہوئی ہے؛
terze_bullet_4	terze	indicare eventuali carenze formative;	Bullet terze.	indicate any training gaps;	indiquer les éventuelles lacunes en matière de formation ;	auf etwaige Ausbildungslücken hinweisen;	indicar cualquier laguna de formación;	indicar eventuais lacunas de formação;	указать на любые пробелы в обучении;	tregoni ndonjë boshllëk trajnimi;	indicați eventualele lacune de pregătire;	किसी भी प्रशिक्षण अंतराल को इंगित करें;	ਕਿਸੇ ਵੀ ਸਿਖਲਾਈ ਦੇ ਅੰਤਰ ਨੂੰ ਦਰਸਾਓ;	কোন প্রশিক্ষণ ফাঁক নির্দেশ করুন;	указати на све недостатке у обуци;	navesti sve nedostatke u obuci;	herhangi bir eğitim açığını belirtin;	هر گونه شکاف آموزشی را نشان دهید.	د روزنې کومې نیمګړتیاوې په ګوته کړئ؛	ipahiwatig ang anumang mga puwang sa pagsasanay;	wskazać ewentualne luki szkoleniowe;	вказати будь-які прогалини в навчанні;	指出任何培训差距；	الإشارة إلى أي فجوات في التدريب؛	کسی بھی تربیتی خلا کی نشاندہی کریں؛
terze_bullet_5	terze	salvare una bozza e completare la pratica in un secondo momento;	Bullet terze.	save a draft and complete the practice later;	enregistrez un brouillon et terminez la pratique plus tard ;	einen Entwurf speichern und die Übung später abschließen;	guarde un borrador y complete la práctica más tarde;	salve um rascunho e conclua a prática mais tarde;	сохраните черновик и завершите практику позже;	ruani një draft dhe plotësoni praktikën më vonë;	salvați o schiță și finalizați practica mai târziu;	एक ड्राफ्ट सहेजें और बाद में अभ्यास पूरा करें;	ਇੱਕ ਡਰਾਫਟ ਸੁਰੱਖਿਅਤ ਕਰੋ ਅਤੇ ਬਾਅਦ ਵਿੱਚ ਅਭਿਆਸ ਨੂੰ ਪੂਰਾ ਕਰੋ;	একটি খসড়া সংরক্ষণ করুন এবং পরে অনুশীলনটি সম্পূর্ণ করুন;	сачувајте нацрт и довршите праксу касније;	spremite nacrt i dovršite vježbu kasnije;	bir taslağı kaydedin ve uygulamayı daha sonra tamamlayın;	یک پیش نویس را ذخیره کنید و بعداً تمرین را تکمیل کنید.	یوه مسوده خوندي کړئ او وروسته تمرین بشپړ کړئ؛	mag-save ng draft at kumpletuhin ang pagsasanay sa ibang pagkakataon;	zapisz wersję roboczą i dokończ ćwiczenie później;	збережіть чернетку та завершіть практику пізніше;	保存草稿并稍后完成练习；	احفظ مسودة وأكمل التدريب لاحقًا؛	ایک مسودہ محفوظ کریں اور بعد میں پریکٹس مکمل کریں۔
terze_bullet_6	terze	inviare definitivamente la conferma dei dati di iscrizione.	Bullet terze.	definitively send confirmation of your registration data.	envoyer définitivement la confirmation de vos données d’inscription.	senden Sie uns abschließend eine Bestätigung Ihrer Anmeldedaten zu.	enviarle definitivamente la confirmación de sus datos de registro.	enviar definitivamente a confirmação dos seus dados cadastrais.	окончательно выслать подтверждение ваших регистрационных данных.	dërgoni përfundimisht konfirmimin e të dhënave tuaja të regjistrimit.	trimite definitiv confirmarea datelor tale de înregistrare.	अपने पंजीकरण डेटा की पुष्टि निश्चित रूप से भेजें।	ਯਕੀਨੀ ਤੌਰ 'ਤੇ ਤੁਹਾਡੇ ਰਜਿਸਟ੍ਰੇਸ਼ਨ ਡੇਟਾ ਦੀ ਪੁਸ਼ਟੀ ਭੇਜੋ।	নিশ্চিতভাবে আপনার নিবন্ধন তথ্য নিশ্চিতকরণ পাঠান.	дефинитивно пошаљите потврду ваших података о регистрацији.	definitivno poslati potvrdu podataka o registraciji.	Kayıt verilerinizin onayını kesin olarak gönderin.	قطعی تاییدیه اطلاعات ثبت نام خود را ارسال کنید.	په دقیق ډول ستاسو د راجسټریشن ډیټا تایید واستوئ.	tiyak na magpadala ng kumpirmasyon ng iyong data sa pagpaparehistro.	ostatecznie wyślij potwierdzenie swoich danych rejestracyjnych.	остаточно надіслати підтвердження ваших реєстраційних даних.	最终发送您的注册数据确认信息。	إرسال تأكيد نهائي لبيانات التسجيل الخاصة بك.	یقینی طور پر اپنے رجسٹریشن ڈیٹا کی تصدیق بھیجیں۔
deadline	common	La procedura deve essere completata entro lunedi' 6 luglio 2026.	Scadenza.	The procedure must be completed by Monday 6 July 2026.	La procédure doit être achevée au plus tard le lundi 6 juillet 2026.	Das Verfahren muss bis Montag, 6. Juli 2026, abgeschlossen sein.	El trámite deberá finalizar antes del lunes 6 de julio de 2026.	O procedimento deve ser concluído até segunda-feira, 6 de julho de 2026.	Процедура должна быть завершена до понедельника, 6 июля 2026 года.	Procedura duhet të përfundojë deri të hënën më 6 korrik 2026.	Procedura trebuie finalizată până luni, 6 iulie 2026.	प्रक्रिया सोमवार 6 जुलाई 2026 तक पूरी होनी चाहिए।	ਪ੍ਰਕਿਰਿਆ ਸੋਮਵਾਰ 6 ਜੁਲਾਈ 2026 ਤੱਕ ਪੂਰੀ ਕੀਤੀ ਜਾਣੀ ਚਾਹੀਦੀ ਹੈ।	প্রক্রিয়াটি অবশ্যই 6 জুলাই 2026 সোমবারের মধ্যে সম্পন্ন করতে হবে।	Процедура мора бити завршена до понедељка, 6. јула 2026.	Postupak se mora završiti do ponedjeljka 6. srpnja 2026.	Prosedürün 6 Temmuz 2026 Pazartesi gününe kadar tamamlanması gerekmektedir.	این روش باید تا دوشنبه 6 جولای 2026 تکمیل شود.	پروسه باید د دوشنبې په ورځ د جولای 6 2026 پورې بشپړه شي.	Ang pamamaraan ay dapat makumpleto sa Lunes 6 Hulyo 2026.	Procedura musi zostać zakończona do poniedziałku 6 lipca 2026 r.	Процедуру необхідно завершити до понеділка, 6 липня 2026 року.	该程序必须在 2026 年 7 月 6 日星期一之前完成。	يجب إكمال الإجراء بحلول يوم الاثنين 6 يوليو 2026.	یہ طریقہ کار پیر 6 جولائی 2026 تک مکمل ہونا چاہیے۔
attachment_prime	prime	In allegato si trasmette l'avviso con l'elenco della documentazione richiesta.	Riferimento allegato prime.	Attached is the notice with the list of requested documentation.	Ci-joint l'avis avec la liste des documents demandés.	Im Anhang finden Sie die Bekanntmachung mit der Liste der angeforderten Unterlagen.	Adjunto el aviso con el listado de la documentación solicitada.	Em anexo segue o edital com a relação da documentação solicitada.	Прилагаем уведомление с перечнем запрашиваемой документации.	Bashkëlidhur është njoftimi me listën e dokumentacionit të kërkuar.	Se atașează avizul cu lista documentației solicitate.	अनुरोधित दस्तावेज़ों की सूची के साथ नोटिस संलग्न है।	ਬੇਨਤੀ ਕੀਤੇ ਦਸਤਾਵੇਜ਼ਾਂ ਦੀ ਸੂਚੀ ਦੇ ਨਾਲ ਨੋਟਿਸ ਨੱਥੀ ਹੈ।	অনুরোধ করা ডকুমেন্টেশনের তালিকা সহ বিজ্ঞপ্তিটি সংযুক্ত করা হয়েছে।	У прилогу је обавештење са списком тражене документације.	U privitku se nalazi obavijest s popisom tražene dokumentacije.	Talep edilen belgelerin listesini içeren duyuru ekte yer almaktadır.	ضمیمه اعلامیه با لیست اسناد درخواستی است.	د غوښتل شوي اسنادو لیست سره خبرتیا ضمیمه ده.	Nakalakip ang paunawa na may listahan ng hiniling na dokumentasyon.	W załączeniu zawiadomienie wraz z wykazem wymaganych dokumentów.	Повідомлення з переліком необхідної документації додається.	随附通知以及所需文件清单。	مرفق الإشعار مع قائمة الوثائق المطلوبة.	درخواست کردہ دستاویزات کی فہرست کے ساتھ نوٹس منسلک ہے۔
attachment_terze	terze	In allegato si trasmette l'avviso con l'elenco della documentazione richiesta e delle informazioni da comunicare.	Riferimento allegato terze.	Attached is the notice with the list of the requested documentation and the information to be communicated.	Ci-joint l'avis avec la liste des documents demandés et les informations à communiquer.	Beigefügt ist die Bekanntmachung mit der Auflistung der angeforderten Unterlagen und den mitzuteilenden Informationen.	Se adjunta el aviso con el listado de la documentación solicitada y la información a comunicar.	Em anexo encontra-se o aviso com a relação da documentação solicitada e as informações a comunicar.	Прилагается уведомление с перечнем запрашиваемой документации и информацией, подлежащей сообщению.	Bashkëngjitur është njoftimi me listën e dokumentacionit të kërkuar dhe informacionin që duhet komunikuar.	Se atașează avizul cu lista documentației solicitate și informațiile de comunicat.	अनुरोधित दस्तावेज़ों की सूची और संप्रेषित की जाने वाली जानकारी के साथ नोटिस संलग्न है।	ਬੇਨਤੀ ਕੀਤੇ ਦਸਤਾਵੇਜ਼ਾਂ ਦੀ ਸੂਚੀ ਅਤੇ ਸੰਚਾਰਿਤ ਕੀਤੀ ਜਾਣ ਵਾਲੀ ਜਾਣਕਾਰੀ ਦੇ ਨਾਲ ਨੋਟਿਸ ਨੱਥੀ ਕੀਤਾ ਗਿਆ ਹੈ।	অনুরোধ করা ডকুমেন্টেশন এবং যোগাযোগ করা তথ্যের তালিকা সহ বিজ্ঞপ্তি সংযুক্ত করা হয়েছে।	У прилогу је обавештење са списком тражене документације и информацијама које треба саопштити.	U privitku se nalazi obavijest s popisom tražene dokumentacije i podacima koji se dostavljaju.	İstenilen belgelerin listesini ve iletilecek bilgileri içeren duyuru ekte yer almaktadır.	ضمیمه اخطاریه با لیست اسناد درخواستی و اطلاعاتی است که باید ابلاغ شود.	د غوښتل شوي اسنادو لیست او د خبرتیا لپاره خبرتیا سره ضمیمه ده.	Nakalakip ang paunawa na may listahan ng hinihiling na dokumentasyon at ang impormasyong ipapaabot.	W załączeniu zawiadomienie zawierające listę wymaganych dokumentów i informacje, które należy przekazać.	Повідомлення з переліком необхідної документації та інформацією, яку необхідно надати, додається.	随附的通知包含所需文件和要传达的信息的列表。	مرفق الإشعار مع قائمة الوثائق المطلوبة والمعلومات التي سيتم إرسالها.	درخواست کی گئی دستاویزات کی فہرست کے ساتھ نوٹس منسلک ہے اور معلومات فراہم کی جانی ہیں۔
paper_delivery	common	Nel caso in cui non sia possibile caricare online uno o piu' documenti, nella procedura sara' possibile indicare che la documentazione verra' consegnata in copia cartacea alla Segreteria didattica.	Consegna cartacea.	In the event that it is not possible to upload one or more documents online, in the procedure it will be possible to indicate that the documentation will be delivered in paper copy to the Teaching Secretariat.	Dans le cas où il n'est pas possible de télécharger un ou plusieurs documents en ligne, il sera possible dans la procédure d'indiquer que la documentation sera remise en copie papier au Secrétariat pédagogique.	Für den Fall, dass es nicht möglich ist, ein oder mehrere Dokumente online hochzuladen, kann im Verfahren angegeben werden, dass die Dokumentation in Papierform an das Lehrsekretariat übermittelt wird.	En el caso de que no sea posible subir uno o más documentos en línea, en el procedimiento se podrá indicar que la documentación se entregará en copia impresa en la Secretaría de Docencia.	Caso não seja possível fazer o upload de um ou mais documentos online, no procedimento será possível indicar que a documentação será entregue em cópia impressa à Secretaria de Ensino.	В случае невозможности загрузить один или несколько документов онлайн, в процедуре можно будет указать, что документация будет доставлена ​​в бумажном виде в Учебный секретариат.	Në rast se nuk është e mundur të ngarkoni një ose më shumë dokumente online, në procedurë do të mund të tregohet se dokumentacioni do të dorëzohet në letër në Sekretarinë Mësimore.	În cazul în care nu este posibilă încărcarea online a unuia sau mai multor documente, în cadrul procedurii se va putea indica faptul că documentația va fi predată în copie hârtie la Secretariatul Didactic.	इस घटना में कि एक या अधिक दस्तावेज़ों को ऑनलाइन अपलोड करना संभव नहीं है, प्रक्रिया में यह इंगित करना संभव होगा कि दस्तावेज़ीकरण शिक्षण सचिवालय को पेपर कॉपी में वितरित किया जाएगा।	ਅਜਿਹੀ ਸਥਿਤੀ ਵਿੱਚ ਜਦੋਂ ਇੱਕ ਜਾਂ ਇੱਕ ਤੋਂ ਵੱਧ ਦਸਤਾਵੇਜ਼ਾਂ ਨੂੰ ਔਨਲਾਈਨ ਅਪਲੋਡ ਕਰਨਾ ਸੰਭਵ ਨਹੀਂ ਹੈ, ਪ੍ਰਕਿਰਿਆ ਵਿੱਚ ਇਹ ਸੰਕੇਤ ਦੇਣਾ ਸੰਭਵ ਹੋਵੇਗਾ ਕਿ ਦਸਤਾਵੇਜ਼ ਕਾਗਜ਼ੀ ਕਾਪੀ ਵਿੱਚ ਟੀਚਿੰਗ ਸਕੱਤਰੇਤ ਨੂੰ ਸੌਂਪੇ ਜਾਣਗੇ।	এক বা একাধিক নথি অনলাইনে আপলোড করা সম্ভব না হলে, পদ্ধতিতে এটি নির্দেশ করা সম্ভব হবে যে ডকুমেন্টেশনগুলি কাগজের অনুলিপিতে শিক্ষণ সচিবালয়ে বিতরণ করা হবে।	У случају да није могуће учитати један или више докумената онлајн, у процедури ће бити могуће назначити да ће документација бити достављена у папирној копији Секретаријату за наставу.	U slučaju da jedan ili više dokumenata nije moguće postaviti na internet, u postupku će biti moguće naznačiti da će se dokumentacija u papirnatom obliku dostaviti Tajništvu za nastavu.	Bir veya daha fazla belgenin çevrimiçi olarak yüklenmesinin mümkün olmaması durumunda, prosedürde belgelerin basılı kopya olarak Öğretim Sekreterliğine teslim edileceğinin belirtilmesi mümkün olacaktır.	در صورتی که امکان آپلود یک یا چند سند به صورت آنلاین وجود نداشته باشد، در این روش می توان اعلام کرد که اسناد به صورت کاغذی به دبیرخانه آموزش تحویل داده می شود.	په هغه صورت کې چې د یو یا ډیرو اسنادو آنلاین اپلوډ کول ممکن نه وي، په طرزالعمل کې به دا ممکنه وي چې دا اسناد د کاغذ کاپي کې د تدریس سکرتریت ته وسپارل شي.	Kung sakaling hindi posibleng mag-upload ng isa o higit pang mga dokumento online, sa pamamaraan ay posibleng ipahiwatig na ang dokumentasyon ay ihahatid sa papel na kopya sa Teaching Secretariat.	W przypadku braku możliwości przesłania jednego lub większej liczby dokumentów on-line, w procedurze możliwe będzie wskazanie, że dokumentacja zostanie dostarczona w formie papierowej do Sekretariatu Dydaktycznego.	У випадку, якщо неможливо завантажити один або кілька документів онлайн, у процедурі можна буде вказати, що документація буде доставлена ​​в паперовому вигляді до Секретаріату навчання.	如果无法在线上传一份或多份文件，则可以在程序中注明文件将以纸质副本交付给教学秘书处。	في حالة عدم إمكانية تحميل مستند واحد أو أكثر عبر الإنترنت، سيكون من الممكن في الإجراء الإشارة إلى أنه سيتم تسليم الوثائق في نسخة ورقية إلى أمانة التدريس.	اس صورت میں کہ ایک یا زیادہ دستاویزات آن لائن اپ لوڈ کرنا ممکن نہ ہو، طریقہ کار میں یہ اشارہ کرنا ممکن ہو گا کہ دستاویزات کاغذی کاپی میں ٹیچنگ سیکرٹریٹ کو پہنچائی جائیں گی۔
contacts	common	Per informazioni e' possibile scrivere a iscrizioni@buonarroti.tn.it.	Contatti.	For information you can write to iscrive@buonarroti.tn.it.	Pour plus d'informations, vous pouvez écrire à iscrive@buonarroti.tn.it.	Für Informationen können Sie an iscrive@buonarroti.tn.it schreiben.	Para obtener información puede escribir a iscrive@buonarroti.tn.it.	Para obter informações, você pode escrever para iscrive@buonarroti.tn.it.	Для получения информации вы можете написать по адресу iscrive@buonarroti.tn.it.	Për informacion mund të shkruani në iscrive@buonarroti.tn.it.	Pentru informatii puteti scrie la iscrive@buonarroti.tn.it.	जानकारी के लिए आप iscrive@buonarroti.tn.it पर लिख सकते हैं।	ਜਾਣਕਾਰੀ ਲਈ ਤੁਸੀਂ iscrive@buonarroti.tn.it 'ਤੇ ਲਿਖ ਸਕਦੇ ਹੋ।	তথ্যের জন্য আপনি iscrive@buonarroti.tn.it-এ লিখতে পারেন।	За информације можете писати на исцриве@буонарроти.тн.ит.	Za informacije možete pisati na iscrive@buonarroti.tn.it.	Bilgi için iscrive@buonarroti.tn.it adresine yazabilirsiniz.	برای کسب اطلاعات می توانید به iscrive@buonarroti.tn.it مکاتبه کنید.	د معلوماتو لپاره تاسو کولی شئ iscrive@buonarroti.tn.it ته ولیکئ.	Para sa impormasyon maaari kang sumulat sa iscrive@buonarroti.tn.it.	Aby uzyskać informacje, możesz napisać na adres iscive@buonarroti.tn.it.	Для отримання інформації ви можете написати на iscrive@buonarroti.tn.it.	如需了解信息，您可以写信至 iscrive@buonarroti.tn.it。	للحصول على معلومات يمكنك الكتابة إلى iscrive@buonarroti.tn.it.	معلومات کے لیے آپ iscrive@buonarroti.tn.it پر لکھ سکتے ہیں۔
closing_common	common	Cordiali saluti	Chiusura.	Best regards	Cordialement	Beste grüße	Atentamente	Atenciosamente	С наилучшими пожеланиями	Përshëndetjet më të mira	Salutări	साभार	ਉੱਤਮ ਸਨਮਾਨ	শুভেচ্ছা	Срдачан поздрав	Srdačan pozdrav	Saygılarımla	با احترام	غوره احترامات	Pagbati	Z wyrazami szacunku	З повагою	此致	أطيب التحيات	نیک تمنائیں
signature	common	Segreteria didattica\nITT Buonarroti - Trento	Firma.	Educational secretariat\nITT Buonarroti - Trento	Secrétariat pédagogique\nITT Buonarroti - Trente	Bildungssekretariat\nITT Buonarroti – Trient	Secretaría de educación\nITT Buonarroti - Trento	Secretaria educacional\nITT Buonarroti - Trento	Образовательный секретариат\nITT Буонарроти - Тренто	Sekretariati arsimor\nITT Buonarroti - Trento	Secretariat educaţional\nITT Buonarroti - Trento	शैक्षिक सचिवालय\nआईटीटी बुओनारोटी - ट्रेंटो	ਵਿਦਿਅਕ ਸਕੱਤਰੇਤ\nITT ਬੁਓਨਾਰੋਟੀ - ਟ੍ਰੈਂਟੋ	শিক্ষা সচিবালয়\nITT বুওনাররোটি - ট্রেন্টো	Секретаријат за образовање\нИТТ Буонароти - Тренто	Tajništvo za obrazovanje\nITT Buonarroti - Trento	Eğitim sekreterliği\nITT Buonarroti - Trento	دبیرخانه آموزشی\nITT Buonarroti - ترنتو	تعلیمي سکرتریت\nITT بووناروتي - ټرینټو	Educational secretariat\nITT Buonarroti - Trento	Sekretariat ds. edukacji\nITT Buonarroti – Trydent	Освітній секретаріат\nITT Буонарроті - Тренто	教育秘书处\nITT Buonarroti - 特伦托	الأمانة التعليمية\nITT Buonarroti - ترينتو	تعلیمی سیکرٹریٹ\nITT بووناروتی - ٹرینٹو
translations_link_label	common	Traduzioni / Translations	Testo link nella mail.	Translations / Translations	Traductions / Traductions	Übersetzungen / Übersetzungen	Traducciones / Traducciones	Traduções / Traduções	Переводы / Переводы	Përkthime / Përkthime	Traduceri / Traduceri	अनुवाद/अनुवाद	ਅਨੁਵਾਦ / ਅਨੁਵਾਦ	অনুবাদ/অনুবাদ	Преводи / Преводи	Prijevodi / Prijevodi	Çeviriler / Çeviriler	ترجمه ها / ترجمه ها	ژباړه/ ژباړې	Mga Pagsasalin / Pagsasalin	Tłumaczenia / Tłumaczenia	Переклади / Переклади	翻译/翻译	ترجمات / ترجمات	ترجمے/ترجمے
